[
    {
        "name": "Black Adam",
        "release date": "October 21, 2022",
        "director": "Jaume Collet-Serra",
        "description": "teth adam was bestowed with the power of the gods and is now free after 5,000 years",
        "genre": "superhero",
        "rating": "6.7/10"
    },

    {
        "name": "The Menu",
        "release date": "November 18, 2022",
        "director": "Mark Mylod",
        "description": "the film focuses on a young couple who visits an exclusive destination restaurant on a remote island",
        "genre": "thriller",
        "rating": "7.5/10"
    },

    {
        "name": "Super Pets",
        "release date": "July 29, 2022",
        "director": "Jared Stern",
        "description": "superdog krypto and his friends are on a mission to save a kidnapped superman",
        "genre": "superhero",
        "rating": "7.2/10"
    },

    {
        "name": "Don't Worry Darling",
        "release date": "September 23, 2022",
        "director": "Olivia Wilde",
        "description": "In the 1950s, Alice and Jack live in the idealized community of Victory, an experimental company town",
        "genre": "drama",
        "rating": "6.2/10"
    }
]



