[ 
    {
        "name": "The Batman",
        "release date": "March 4, 2022",
        "director": "Matt Reeves",
        "description": "Batman is called to intervene when the mayor of Gotham City is murdered.",
        "genre": "superhero",
        "rating": "7.8/10"
    },

    {
        "name": "Athena",
        "release date": "September 2, 2022",
        "director": "Romain Gavras",
        "description": "Athena is a 2022 French epic action drama film directed by Romain Gavras ",
        "genre": "action",
        "rating": "6.8/10"
    },

    {
        "name": "Prey",
        "release date": "July 21, 2022",
        "director": " Dan Trachtenberg",
        "description": "A skilled Comanche warrior protects her tribe from a highly evolved alien predator that hunts humans",
        "genre": "supernatural",
        "rating": "7.2/10"
    },

    {
        "name": "Top Gun Maverick",
        "release date": "May 27, 2022",
        "director": "Joseph Kosinski",
        "description": "After more than 30 years of service as one of the Navy's top aviators,",
        "genre": "action",
        "rating": "8.4/10"
    }
]

