[ 
    {
        "name": "The Little Mermaid",
        "release date": "December 21, 1990",
        "director": "Ron Clements",
        "description": "Ursula, the sea witch, makes a devious deal with Princess Ariel allowing her to meet Eric, the human prince she loves.",
        "genre": "live-action",
        "rating": "N/A"
    },

    {
        "name": "Avatar The Way of Water",
        "release date": "December 16, 2022",
        "director": "james cameron",
        "description": "When an ancient threat resurfaces, Jake must fight a difficult war against the humans.",
        "genre": "adventure",
        "rating": "N/A"
    },

    {
        "name": "Spiderman Across The Spiderverse",
        "release date": "June 2, 2023",
        "director": " Joaquim Dos Santos",
        "description": "Miles Morales embarks on an epic adventure that will transport Brooklyn's neighbourhood spiderman",
        "genre": "superhero",
        "rating": "N/A"
    },

    {
        "name": "Oppenheimer",
        "release date": "July 21, 2023 ",
        "director": "Christopher Nolan",
        "description": "Physicist J Robert Oppenheimer's part in developing the atomic bomb",
        "genre": "drama",
        "rating": "N/A"
    }
]